[
	{
		"SHIPPER / EXPORT": {
			"row": [2,6],
			"column": [1, 105],
			"isFlex": 1,
			"endObject": {
				"top": "SHIPPER / EXPORT",
				"bottom": "CONSIGNEE",
				"left": -1,
				"right": "B/L NO"
			}
		},
		"B/L NO": {
			"row": [2,3],
			"column": [108, null],
			"isFlex": 1,
			"endObject": {
				"top": "B/L NO",
				"bottom": "EXPORT REFERENCES",
				"left": "SHIPPER / EXPORT",
				"right": -1
			}
		},
		"EXPORT REFERENCES": {
			"row": [4,5],
			"column": [108, null],
			"isFlex": 1,
			"endObject": {
				"top": "EXPORT REFERENCES",
				"bottom": "FREIGHT PAYABLE AT",
				"left": "SHIPPER / EXPORT",
				"right": -1
			}
		},
		"CONSIGNEE": {
			"row": [7, 13],
			"column": [0, 105],
			"isFlex": 1,
			"endObject": {
				"top": "CONSIGNEE",
				"bottom": "NOTIFY PARTY",
				"left": -1,
				"right": "B/L NO"
			}
		},
		"FREIGHT PAYABLE AT": {
			"row": [6,7],
			"column": [108, null],
			"isFlex": 1,
			"endObject": {
				"top": "FREIGHT PAYABLE AT",
				"bottom": "TYE OF SERVICE",
				"left": "CONSIGNEE",
				"right": -1
			}
		},
		"TYE OF SERVICE": {
			"row": [8,10],
			"column": [108, null],
			"isFlex": 1,
			"endObject": {
				"top": "TYE OF SERVICE",
				"bottom": "CONTAINER NO",
				"left": "CONSIGNEE",
				"right": -1
			}
		},
		"CONTAINER NO": {
			"row": [11, 13],
			"column": [108, null],
			"isFlex": 1,
			"endObject": {
				"top": "CONTAINER NO",
				"bottom": "DELIVERY AGENT",
				"left": "CONSIGNEE",
				"right": -1
			}
		},
		"NOTIFY PARTY": {
			"row": [14, 15],
			"column": [1, 105],
			"isFlex": 1,
			"endObject": {
				"top": "NOTIFY PARTY",
				"bottom": "PRE-CARRIAGE BY",
				"left": -1,
				"right": "B/L NO"
			}
		},
		"PRE-CARRIAGE BY": {
			"row": [16,17],
			"column": [2, 50],
			"isFlex": 1,
			"endObject": {
				"top": "PRE-CARRIAGE BY",
				"bottom": "OCEAN VESSEL / VOYAGE",
				"left": -1,
				"right": "PLACE OF RECEIPT"
			}
		},
		"PLACE OF RECEIPT": {
			"row": [16, 17],
			"column": [51,105],
			"isFlex": 1,
			"endObject": {
				"top": "PLACE OF RECEIPT",
				"bottom": "PORT OF LOADING",
				"left": "PRE-CARRIAGE BY",
				"right": "DELIVERY AGENT"
			}
		},
		"OCEAN VESSEL / VOYAGE": {
			"row": [18, 19],
			"column": [2, 50],
			"isFlex": 1,
			"endObject": {
				"top": "OCEAN VESSEL / VOYAGE",
				"bottom": "PORT OF DISCHARGE",
				"left": -1,
				"right": "PORT OF LOADING"
			}
		},
		"PORT OF LOADING": {
			"row": [18,19],
			"column": [51, 105],
			"isFlex": 1,
			"endObject": {
				"top": "PORT OF LOADING",
				"bottom": "PLACE OF DELIVERY",
				"left": "OCEAN VESSEL / VOYAGE",
				"right": "DELIVERY AGENT"
			}
		},
		"NUMBER ORIGINAL BILL OF LADING ISSUED": {
			"row": [15, 18],
			"column": [108, null],
			"isFlex": 1,
			"endObject": {
				"top": "NUMBER ORIGINAL BILL OF LADING ISSUED",
				"bottom": "GROSS WEIGHT",
				"left": "PORT OF LOADING",
				"right": -1
			}
		},
		"PORT OF DISCHARGE": {
			"row": [20,22],
			"column": [2,50],
			"isFlex": 1,
			"endObject": {
				"top": "PORT OF DISCHARGE",
				"bottom": "MARKS AND NUMBERS",
				"left": -1,
				"right": "NUMBER ORIGINAL BILL OF LADING ISSUED"
			}
		},
		"PLACE OF DELIVERY": {
			"row": [20,22],
			"column": [51,105],
			"isFlex": 1,
			"endObject": {
				"top": "PLACE OF DELIVERY",
				"bottom": "DESCRIPTION OF PACKGES AND GOODS",
				"left": "PORT OF DISCHARGE",
				"right": "NUMBER ORIGINAL BILL OF LADING ISSUED"
			}
		},
		"NO.OF CONT": {
			"row": [24,39],
			"column": [55,82],
			"isFlex": 1,
			"endObject": {
				"top": "NO.OF CONT",
				"bottom": "SHIPPED ONBOARD THE VESSEL",
				"left": "MARKS AND NUMBERS",
				"right": "DESCRIPTION OF PACKGES AND GOODS"
			}
		},
		"MARKS AND NUMBERS": {
			"row": [23,40],
			"column": [6,54],
			"isFlex": 1,
			"endObject": {
				"top": "MARKS AND NUMBERS",
				"bottom": "SHIPPED ONBOARD THE VESSEL",
				"left": -1,
				"right": "NO.OF CONT"
			}
		},
		"DESCRIPTION OF PACKGES AND GOODS": {
			"row": [24,39],
			"column": [83,151],
			"isFlex": 1,
			"endObject": {
				"top": "DESCRIPTION OF PACKGES AND GOODS",
				"bottom": "SHIPPED ONBOARD THE VESSEL",
				"left": "NO.OF CONT",
				"right": "GROSS WEIGHT"
			}
		},
		"GROSS WEIGHT": {
			"row": [24,39],
			"column": [152,175],
			"isFlex": 1,
			"endObject": {
				"top": "GROSS WEIGHT",
				"bottom": "SHIPPED ONBOARD THE VESSEL",
				"left": "DESCRIPTION OF PACKGES AND GOODS",
				"right": "MEASUREMENT"
			}
		},
		"MEASUREMENT": {
			"row": [24,39],
			"column": [176, null],
			"isFlex": 1,
			"endObject": {
				"top": "MEASUREMENT",
				"bottom": "SHIPPED ONBOARD THE VESSEL",
				"left": "GROSS WEIGHT",
				"right": -1
			}
		},
		"SHIPPED ONBOARD THE VESSEL": {
			"row": [43,44],
			"column": [97,null],
			"isFlex": 1,
			"endObject": {
				"top": "SHIPPED ONBOARD THE VESSEL",
				"bottom": "DATE",
				"left": "DATE",
				"right": -1
			}
		},
		"SIGNED AT": {
			"row": [41,42],
			"column": [9, 59],
			"isFlex": 1,
			"endObject": {
				"top": "SHIPPED ONBOARD THE VESSEL",
				"bottom": "SIGNED AT",
				"left": -1,
				"right": "DATE"
			}
		},
		"DATE": {
			"row": [41,42],
			"column": [63, 94],
			"isFlex": 1,
			"endObject": {
				"top": "SHIPPED ONBOARD THE VESSEL",
				"bottom": "PREPAID",
				"left": "SIGNED AT",
				"right": "SHIPPED ONBOARD THE VESSEL"
			}
		},
		
		"FREIGHT AND CHARES": {
			"row": [46,null],
			"column": [2,47],
			"isFlex": 1,
			"endObject": {
				"top": "FREIGHT AND CHARES",
				"bottom": -1,
				"left": -1,
				"right": "PREPAID"
			}
		},
		"PREPAID": {
			"row": [46,null],
			"column": [48,67],
			"isFlex": 1,
			"endObject": {
				"top": "PREPAID",
				"bottom": -1,
				"left": "FREIGHT AND CHARES",
				"right": "COLLECT"
			}
		},
		"COLLECT": {
			"row": [46,null],
			"column": [67,94],
			"isFlex": 1,
			"endObject": {
				"top": "COLLECT",
				"bottom": -1,
				"left": "PREPAID",
				"right": "SHIPPED ONBOARD THE VESSEL"
			}
		}
	},
	{
        "Header": {
            "row": [0, 0],
            "column": [0, 0],
            "pages": "all"
        },
        "Footer": {
            "row": [0, 0],
            "column": [0, 0],
            "pages": "all"
        }
    }
]