[
	{
		"Shipper/Exporter":
		{
			"row": [4,10],
			"column": [0,44],
			"isFlex": 1,
			"endObject":
			{
				"top": "Shipper/Exporter",
				"bottom": "Consignee",
				"left": -1,
				"right": "Booking No"
			}
		},

		"Booking No":
		{
			"row": [4,5],
			"column": [110,null],
			"isFlex": 1,
			"endObject":
			{
				"top": "Booking No",
				"bottom": "Exporter references",
				"left": -1,
				"right": -1
			}
		},

		"Exporter references":
		{
			"row": [6,10],
			"column": [110,null],
			"isFlex": 1,
			"endObject":
			{
				"top": "Exporter references",
				"bottom": "Forwarding agent - references",
				"left": -1,
				"right": -1
			}
		},

		"Consignee":
		{
			"row": [11,15],
			"column": [0,44],
			"isFlex": 1,
			"endObject":
			{
				"top": "Consignee",
				"bottom": "Notify Paty",
				"left": -1,
				"right": "Booking No"
			}
		},

		"Forwarding agent - references":
		{
			"row": [11,14],
			"column": [110,null],
			"isFlex": 1,
			"endObject":
			{
				"top": "Forwarding agent - references",
				"bottom": "Point and country of Origin",
				"left": -1,
				"right": -1
			}
		},

		"Point and country of Origin":
		{
			"row": [15,16],
			"column": [109,null],
			"isFlex": 1,
			"endObject":
			{
				"top": "Point and country of Origin",
				"bottom": "Domestic routing \\/ export intruction",
				"left": -1,
				"right": -1
			}
		},

		"Notify Paty":
		{
			"row": [16,21],
			"column": [0,44],
			"isFlex": 1,
			"endObject":
			{
				"top": "Notify Paty",
				"bottom": "Precarriage by",
				"left": -1,
				"right": "Booking No"
			}
		},

		"Domestic routing / export intruction":
		{
			"row": [17,23],
			"column": [110,null],
			"isFlex": 1,
			"endObject":
			{
				"top": "Domestic routing \\/ export intruction",
				"bottom": "Onward inland routing",
				"left": -1,
				"right": -1
			}
		},

		"Precarriage by":
		{
			"row": [22,23],
			"column": [0,55],
			"isFlex": 1,
			"endObject":
			{
				"top": "Precarriage by",
				"bottom": "Vessel",
				"left": -1,
				"right": "Place of receipt"
			}
		},

		"Place of receipt":
		{
			"row": [22,23],
			"column": [55,72],
			"isFlex": 1,
			"endObject":
			{
				"top": "Place of receipt",
				"bottom": "Port of loading",
				"left": "Precarriage by",
				"right": "Onward inland routing"
			}
		},

		"Vessel":
		{
			"row": [24,25],
			"column": [0,55],
			"isFlex": 1,
			"endObject":
			{
				"top": "Vessel",
				"bottom": "Port of discharge",
				"left": -1,
				"right": "Port of loading"
			}
		},

		"Port of loading":
		{
			"row": [24,25],
			"column": [55,110],
			"isFlex": 1,
			"endObject":
			{
				"top": "Port of loading",
				"bottom": "Place of dilivery",
				"left": "Vessel",
				"right": "Onward inland routing"
			}
		},

		"Onward inland routing":
		{
			"row": [24,25],
			"column": [110,null],
			"isFlex": 1,
			"endObject":
			{
				"top": "Onward inland routing",
				"bottom": "PARTICULARS FURNISHED BY SHIPPER - CARRIER NOT RESPONSIBLE",
				"left": "Port of loading",
				"right": -1
			}
		},

		"Port of discharge":
		{
			"row": [25,26],
			"column": [0,55],
			"isFlex": 1,
			"endObject":
			{
				"top": "Port of discharge",
				"bottom": "CARRIER'S RECEIPT",
				"left": -1,
				"right": "Place of dilivery"
			}
		},

		"Place of dilivery":
		{
			"row": [25,26],
			"column": [55,72],
			"isFlex": 1,
			"endObject":
			{
				"top": "Place of dilivery",
				"bottom": "CARRIER'S RECEIPT",
				"left": "Port of discharge",
				"right": "Onward inland routing"
			}
		},

		"Container No ./Seal No.":
		{
			"row": [29,32],
			"column": [0,36],
			"isFlex": 1,
			"endObject":
			{
				"top": "Marks and Numbers",
				"bottom": "CONT NO",
				"left": -1,
				"right": "No. of Containes"
			}
		},

		"No. of Containes":
		{
			"row": [29,32],
			"column": [36,69],
			"isFlex": 1,
			"endObject":
			{
				"top": "No. of Containes",
				"bottom": "SEAL NO",
				"left": "Marks and Numbers",
				"right": "Kind of packages ; description of goods"
			}
		},

		"Kind of packages ; description of goods":
		{
			"row": [29,32],
			"column": [69,149],
			"isFlex": 1,
			"endObject":
			{
				"top": "Kind of packages ; description of goods",
				"bottom": "BAGS",
				"left": "No. of Containes",
				"right": "Gross Weight"
			}
		},

		"Gross Weight":
		{
			"row": [29,32],
			"column": [149,176],
			"isFlex": 1,
			"endObject":
			{
				"top": "Gross Weight",
				"bottom": "G.W(MTS)",
				"left": "Kind of packages ; description of goods",
				"right": "Mesasurement"
			}
		},

		"Mesasurement":
		{
			"row": [29,32],
			"column": [176,null],
			"isFlex": 1,
			"endObject":
			{
				"top": "Mesasurement",
				"bottom": "G.W(MTS)",
				"left": "Gross Weight",
				"right": -1
			}
		},

		"CONT NO":
		{
			"row": [33,36],
			"column": [0,38],
			"isFlex": 1,
			"endObject":
			{
				"top": "CONT NO",
				"bottom": "TOTAL",
				"left": -1,
				"right": "SEAL NO"
			}
		},

		"SEAL NO":
		{
			"row": [33,36],
			"column": [38,60],
			"isFlex": 1,
			"endObject":
			{
				"top": "SEAL NO",
				"bottom": "TOTAL",
				"left": "CONT NO",
				"right": "BULK BAGS"
			}
		},

		"BULK BAGS":
		{
			"row": [33,36],
			"column": [60,95],
			"isFlex": 1,
			"endObject":
			{
				"top": "BULK BAGS",
				"bottom": "TOTAL",
				"left": "SEAL NO",
				"right": "N.W(MTS)"
			}
		},

		"N.W(MTS)":
		{
			"row": [33,36],
			"column": [95,151],
			"isFlex": 1,
			"endObject":
			{
				"top": "N.W(MTS)",
				"bottom": "TOTAL",
				"left": -1,
				"right": "G.W(MTS)"
			}
		},

		"G.W(MTS)":
		{
			"row": [33,36],
			"column": [151,null],
			"isFlex": 1,
			"endObject":
			{
				"top": "G.W(MTS)",
				"bottom": "TOTAL",
				"left": -1,
				"right": -1
			}
		},

		"Freight & Charges":
		{
			"row": [41,51],
			"column": [0,66],
			"isFlex": 1,
			"endObject":
			{
				"top": "Freight & Charges",
				"bottom": "Declared Value Charges",
				"left": -1,
				"right": "Rate"
			}
		},

		"Rate":
		{
			"row": [41,51],
			"column": [66,101],
			"isFlex": 1,
			"endObject":
			{
				"top": "Rate",
				"bottom": "Declared Value Charges",
				"left": "Freight & Charges",
				"right": "Unit"
			}
		},

		"Unit":
		{
			"row": [42,51],
			"column": [101,148],
			"isFlex": 1,
			"endObject":
			{
				"top": "Unit",
				"bottom": "Declared Value Charges",
				"left": "Rate",
				"right": "Prepaid"
			}
		},

		"Prepaid":
		{
			"row": [42,51],
			"column": [148,176],
			"isFlex": 1,
			"endObject":
			{
				"top": "Prepaid",
				"bottom": "Total Prepaid",
				"left": -1,
				"right": "Collect"
			}
		},

		"Collect":
		{
			"row": [42,50],
			"column": [176,null],
			"isFlex": 1,
			"endObject":
			{
				"top": "Collect",
				"bottom": "Total Prepaid",
				"left": "Prepaid",
				"right": -1
			}
		},

		"Place of issue":
		{
			"row": [56,57],
			"column": [0,20],
			"isFlex": 1,
			"endObject":
			{
				"top": "Place of issue",
				"bottom": "By",
				"left": -1,
				"right": "Date"
			}
		}

		,

		"Date":
		{
			"row": [56,57],
			"column": [20, null],
			"isFlex": 1,
			"endObject":
			{
				"top": "Date",
				"bottom": "By",
				"left": "Place of issue",
				"right": -1
			}
		}
	},
	{
        "Header": {
            "row": [0, 0],
            "column": [0, 0],
            "pages": "all"
        },
        "Footer": {
            "row": [0, 0],
            "column": [0, 0],
            "pages": "all"
        }
    }
]